개방자치단체코드,관리번호,인허가일자,인허가취소일자,영업상태명,폐업일자,휴업시작일자,휴업종료일자,소재지우편번호,도로명우편번호,사업장명,데이터갱신구분,데이터갱신시점,도로명주소,병상수,상세영업상태명,상세영업상태코드,영업상태코드,의료기관종별명,의료인수,입원실수,전화번호,좌표정보(X),좌표정보(Y),지번주소,진료과목내용,진료과목내용명,총면적,최종수정시점
3000000,PHMA319803000034041300001,1980-12-19,,폐업,2011-05-02,,,110-714,,교보생명보험㈜ 부속의원,I,2026-04-26 22:30:30,"서울특별시 종로구 종로 1 (종로1가,교보생명빌딩 2층)",0,폐업,03,03,부속의원,4,0,027212741,197993.904628438    ,452032.958591394    ,서울특별시 종로구 종로1가 1번지 교보생명빌딩 2층,101,내과,669.7,2011-05-02 16:45:49
3000000,PHMA319843000034041300001,1984-08-17,,폐업,2006-06-28,,,110-062,,서울특별시 학교보건원,I,2026-04-26 22:30:30,,0,폐업,03,03,부속의원,1,0,,,,서울특별시 종로구 신문로2가 2-64,101,내과,0,2009-05-15 10:03:44
3000000,PHMA320213000034041300003,2021-10-01,,영업/정상,,,,,03154,KT광화문부속의원,I,2026-04-26 22:30:31,"서울특별시 종로구 세종대로 178, KT 광화문 빌딩 West 3층 (세종로)",0,영업중,13,01,부속의원,2,0,0236716891,197982.889600104    ,452206.123138933    ,서울특별시 종로구 세종로 100 KT 광화문 빌딩 West,122,가정의학과,156.43,2026-04-17 05:43:25
3000000,PHMA320213000034041300002,2021-04-21,,영업/정상,,,,,03050,감사원부속한의원,I,2026-04-26 22:30:31,"서울특별시 종로구 북촌로 112, 감사원 3층 (삼청동)",0,영업중,13,01,부속의원,2,0,0220113237,198599.124043054    ,453898.945688558    ,서울특별시 종로구 삼청동 25-23 감사원,308 307 306 305 304 302 301,"한방내과, 한방부인과, 한방안·이비인후·피부과, 한방신경정신과, 한방재활의학과, 사상체질과, 침구과",48.3,2023-02-13 16:35:10
3000000,PHMA320213000034041300001,2021-04-21,,영업/정상,,,,,03050,감사원부속치과의원,I,2026-04-26 22:30:31,"서울특별시 종로구 북촌로 112, 감사원 (삼청동)",0,영업중,13,01,부속의원,1,0,0220112683,198599.124043054    ,453898.945688558    ,서울특별시 종로구 삼청동 25-23 감사원,411 410 409 408 407 406 404 403 402,"구강악안면외과, 치과보철과, 치과교정과, 치주과, 치과보존과, 구강내과, 영상치의학과, 구강병리과, 예방치과",63.5,2025-09-29 09:29:10
3000000,PHMA320203000034041300001,2020-01-13,,영업/정상,,,,,03171,정부서울청사 부속한의원,I,2026-04-26 22:30:31,"서울특별시 종로구 세종대로 209, 정부서울청사 210호 (세종로)",0,영업중,13,01,부속의원,1,0,0221004549,197759.173462514    ,452506.21248055     ,서울특별시 종로구 세종로 77번지 6호 정부서울청사 210호,308 307 306 305 304 302 301,"한방내과, 한방부인과, 한방안·이비인후·피부과, 한방신경정신과, 한방재활의학과, 사상체질과, 침구과",47,2024-05-30 21:43:27
3000000,PHMA320173000034041300001,2007-03-26,,영업/정상,,,,,03143,SK에코플랜트&SK에코엔지니어링부속치과의원,I,2026-04-26 22:30:31,"서울특별시 종로구 율곡로2길 19, 2층 (수송동, 수송타워빌딩)",0,영업중,13,01,부속의원,2,0,0234991000,198279.787364709    ,452430.699653992    ,서울특별시 종로구 수송동 83번지 1호 수송타워빌딩 2층중 일부,411 408 407 406 403,"치과보철과, 치주과, 치과보존과, 구강내과, 예방치과",250,2026-01-27 13:32:15
3000000,PHMA320163000034041300001,2016-08-16,,영업/정상,,,,,03156,라이나생명보험(주)부속한의원,I,2026-04-26 22:30:31,"서울특별시 종로구 삼봉로 48, 13층 (청진동, 시그나타워)",0,영업중,13,01,부속의원,2,0,0237811004,198166.359660599    ,452193.22830404     ,서울특별시 종로구 청진동 188번지,308 302 301,"한방내과, 한방부인과, 침구과",44.55,2022-12-30 14:50:29
3000000,PHMA320143000034041300001,2014-05-22,,영업/정상,,,,,03156,라이나생명보험(주)부속의원,I,2026-04-26 22:30:31,"서울특별시 종로구 삼봉로 48, 13층 (청진동, 시그나타워)",0,영업중,13,01,부속의원,3,0,,198166.359660599    ,452193.22830404     ,,122,가정의학과,170.3,2021-02-16 16:45:51
3000000,PHMA320113000034041300001,2011-07-22,,영업/정상,,,,110-714,03154,교보생명보험(주) 부속의원,I,2026-04-26 22:30:31,"서울특별시 종로구 종로 1, 8층 (종로1가, 교보생명빌딩)",0,영업중,13,01,부속의원,2,0,,197993.904628438    ,452032.958591394    ,서울특별시 종로구 종로1가 1번지 교보생명빌딩 8층,101 122,"내과, 가정의학과",190,2022-12-02 01:13:25
3000000,PHMA320053000034041300001,2005-07-01,,영업/정상,,,,,03171,정부서울청사부속치과의원,I,2026-04-26 22:30:31,"서울특별시 종로구 세종대로 209, 정부서울청사 210호 (세종로)",0,영업중,13,01,부속의원,0,0,0221004545,197759.173462514    ,452506.21248055     ,,412,통합치의학과,0,2024-09-23 14:15:04
3000000,PHMA320013000034041300001,2001-01-08,,영업/정상,,,,,03171,정부서울청사부속의원,U,2026-05-08 03:03:03,"서울특별시 종로구 세종대로 209, 210호 (세종로, 정부서울청사)",0,영업중,13,01,부속의원,1,0,0221004547,,,,101,내과,0,2026-05-07 22:13:34
3000000,PHMA319723000034041300001,1972-02-18,,영업/정상,,,,110-706,03050,감사원의무실부속의원,I,2026-04-26 22:30:30,서울특별시 종로구 북촌로 112 (삼청동),0,영업중,13,01,부속의원,1,0,0220112596,198599.124043054    ,453898.945688558    ,서울특별시 종로구 삼청동 25번지 23호,101,내과,0,2021-04-02 05:13:22
3000000,PHMA320013000034041300002,2001-01-31,,폐업,2006-01-24,,,110-061,,금호생명보험㈜부속의원,I,2026-04-26 22:30:31,서울특별시 종로구 새문안로 75 (신문로1가),0,폐업,03,03,부속의원,1,0,,197542.319572426    ,452039.262262313    ,서울특별시 종로구 신문로1가 57번지,101,내과,0,2009-05-15 10:14:17
3000000,PHMA319983000034041300001,1998-04-20,,폐업,2011-02-10,,,110-011,,청운노인요양원,I,2026-04-26 22:30:31,,0,폐업,03,03,부속의원,1,0,023799232,,,구기동 216,101,내과,0,2011-02-11 09:28:13
3000000,PHMA319873000034041300002,1987-09-30,,폐업,2022-04-30,,,110-702,03160,(주)한국스탠다드차타드은행 부속치과의원,I,2026-04-26 22:30:31,"서울특별시 종로구 종로 47, 지하1층 (공평동)",0,폐업,03,03,부속의원,1,0,0237023396,198375.290383028    ,452091.983666703    ,서울특별시 종로구 공평동 100번지 지하1층,401,치과,64.17,2022-05-04 17:14:53
3000000,PHMA319873000034041300001,1987-09-30,,폐업,2009-03-31,,,110-160,,한국스탠다드차다드 제일은행부속의원,I,2026-04-26 22:30:31,,0,폐업,03,03,부속의원,1,0,0237023394,,,공평동100,101,내과,0,2009-03-31 15:13:04
3000000,PHMA319843000034041300002,1984-08-17,,폐업,2006-06-28,,,110-062,,서울특별시 학교보건원치과의원,I,2026-04-26 22:30:31,서울특별시 종로구 송월길 48 (신문로2가),0,폐업,03,03,부속의원,1,0,,196999.904314506    ,451972.796117861    ,서울특별시 종로구 신문로2가 2번지 64호,401,치과,0,2009-05-15 10:08:29
3010000,PHMA320103010033041300002,2010-06-28,,폐업,2015-01-31,,,100-192,,SK건설부속의원,I,2025-12-15 16:15:28,"서울특별시 중구 을지로 100, 2층 (을지로2가, 파인에비뉴)",0,폐업,03,03,부속의원,1,0,34991430,198921.241301241    ,451495.985361171    ,서울특별시 중구 을지로2가 203번지 파인에비뉴 2층,122,가정의학과,58,2015-07-14 11:31:46
3010000,PHMA320213010033041300002,2021-10-23,,영업/정상,,,,,04505,한국수력원자력(주)서울부속의원,U,2026-04-21 03:03:03,"서울특별시 중구 서소문로 38, 센트럴타워 2,12층 (중림동)",0,영업중,13,01,부속의원,7,0,0261064336,196948.933328771    ,450906.177832843    ,서울특별시 중구 중림동 500 센트럴타워,101 123,"내과, 핵의학과",629.24,2026-04-20 13:51:39
3010000,PHMA319723010033041300001,1972-11-24,,폐업,,,,,,국민은행부속의원,I,2025-12-15 16:15:28,,0,폐업,03,03,부속의원,0,0,20732984,,,남대문로2가 8-1 성안빌딩 ,101,내과,30,2008-12-06 13:14:19
3010000,PHMA319813010033041300001,1981-01-20,,폐업,,,,,,㈜조흥은행부속치과의원,I,2025-12-15 16:15:28,,0,폐업,03,03,부속의원,0,0,20102877,,,삼각동 66-1외 1필지,401,치과,30,2008-12-06 13:14:19
3010000,PHMA319653010033041300001,1965-10-29,,폐업,,,,,,재단법인갱생의료재단,I,2025-12-15 16:15:28,,0,폐업,03,03,부속의원,0,0,,,,소공동 79,101,내과,30,2008-12-06 13:14:19
3010000,PHMA319833010033041300002,1983-11-14,,영업/정상,,,,,04523,(주)하나은행부속치과의원,I,2025-12-15 16:15:28,"서울특별시 중구 을지로 35, 8층 (을지로1가, 하나은행)",0,영업중,13,01,부속의원,1,0,20022147,198338.095599974    ,451573.129459787    ,서울특별시 중구 을지로1가 101번지 1호 8층,408 407 406 402,"구강악안면외과, 치주과, 치과보존과, 구강내과",25.5,2025-01-24 10:57:28
3010000,PHMA319903010033041300001,1990-02-20,,영업/정상,,,,,04513,신한은행부속의원,I,2026-02-28 22:30:24,"서울특별시 중구 세종대로9길 20, 대경빌딩 신한은행 본점 15층 (태평로2가)",0,영업중,13,01,부속의원,1,0,0221515824,197699.396252332    ,450972.803825672    ,서울특별시 중구 태평로2가 120 대경빌딩 신한은행 본점,101,내과,52.8,2026-02-27 02:43:13
3010000,PHMA319933010033041300001,1993-01-14,,영업/정상,,,,,04513,신한은행부속치과의원,I,2025-12-15 16:15:28,"서울특별시 중구 세종대로9길 20, 대경빌딩 신한은행 본점 15층 (태평로2가)",0,영업중,13,01,부속의원,1,0,0221515825,197699.396252332    ,450972.803825672    ,서울특별시 중구 태평로2가 120 대경빌딩 신한은행 본점,411 410 407 406 403,"치과보철과, 치주과, 치과보존과, 구강병리과, 예방치과",53.84,2025-06-10 16:03:36
3010000,PHMA319973010033041300001,1997-01-09,,영업/정상,,,,,04515,서울특별시청치과의원,I,2025-12-15 16:15:28,"서울특별시 중구 덕수궁길 15 (서소문동, 시청별관 2동 1층)",0,영업중,13,01,부속의원,1,0,0221331827,197672.213473779    ,451336.718396022    ,,402 403 404 405 406 407 408 409 410 411 412,"구강악안면외과, 치과보철과, 치과교정과, 소아치과, 치주과, 치과보존과, 구강내과, 영상치의학과, 구강병리과, 예방치과, 통합치의학과",115.3,2025-09-19 01:13:14
3010000,PHMA320073010033041300001,2007-03-26,,제외/삭제/전출,,,,100-847,04551,SK건설부속치과의원,I,2025-12-15 16:15:28,"서울특별시 중구 을지로 100 (을지로2가, 파인에비뉴2층)",0,전출,15,05,부속의원,2,0,34991000,198921.241301241    ,451495.985361171    ,서울특별시 중구 을지로2가 203번지 파인에비뉴2층,401,치과,250,2017-04-14 15:31:34
3010000,PHMA320133010033041300001,2013-05-29,,영업/정상,,,,,04515,서울시청부속한의원,I,2025-12-15 16:15:28,"서울특별시 중구 덕수궁길 15, 1층 (서소문동, 서울시청 서소문청사2동)",0,영업중,13,01,부속의원,3,0,0221331829,197672.213473779    ,451336.718396022    ,,302 305 308 301 304 307 303 306 309,"한방내과, 한방부인과, 한방소아과, 한방안·이비인후·피부과, 한방신경정신과, 한방재활의학과, 사상체질과, 침구과, 한방응급과",64,2023-07-07 05:43:14
3010000,PHMA320153010033041300001,2015-12-02,,영업/정상,,,,,04560,씨제이부속의원,U,2026-05-01 03:03:03,"서울특별시 중구 동호로 330, 씨제이제일제당센터 3층 (쌍림동)",0,영업중,13,01,부속의원,2,0,0267400115,200219.375254761    ,451288.386735763    ,,101 105 122,"내과, 정형외과, 가정의학과",106,2026-04-30 17:25:10
3010000,PHMA320173010033041300001,2017-11-14,,영업/정상,,,,,04551,신한카드부속의원,U,2026-05-09 03:03:03,"서울특별시 중구 을지로 100, A동 3층 301호 (을지로2가)",0,영업중,13,01,부속의원,2,0,0269501688,198921.241301241    ,451495.985361171    ,,122,가정의학과,180.94,2026-05-08 04:43:16
3010000,PHMA320193010033041300001,2019-12-02,,영업/정상,,,,,04637,씨제이더센터부속의원,U,2026-03-28 03:03:03,"서울특별시 중구 소월로2길 12, 제일빌딩 5층 (남대문로5가)",0,영업중,13,01,부속의원,2,0,027268100,197802.292053706    ,450252.400952479    ,서울특별시 중구 남대문로5가 500번지 제일빌딩 5층,122 120 105 101,"내과, 정형외과, 재활의학과, 가정의학과",74,2026-03-27 01:43:14
3010000,PHMA320203020033041300001,2017-03-16,,영업/정상,,,,,04509,다시서기종합지원센터부속의원,I,2025-12-15 16:15:28,"서울특별시 중구 통일로 21, 서울역앞우체국 2,3층 (봉래동2가)",0,영업중,13,01,부속의원,0,0,027771145,197403.590119982    ,450590.945274605    ,"서울특별시 중구 봉래동2가 123번지 서울역앞우체국 2,3층",122 101,"내과, 가정의학과",132.2,2022-09-02 12:43:13
3010000,PHMA320213010033041300001,2021-05-27,,영업/정상,,,,,04606,씨제이미래원부속의원,U,2026-05-01 03:03:03,"서울특별시 중구 동호로20나길 16, 지하1층 (장충동1가)",0,영업중,13,01,부속의원,8,0,0233939609,200628.002318786    ,450818.660040219    ,,101 102 122,"내과, 신경과, 가정의학과",58.49,2026-04-30 10:38:47
3010000,PHMA319663010033041300001,1966-01-19,,영업/정상,,,,,04531,한국은행부속의원,U,2026-05-08 03:03:03,"서울특별시 중구 남대문로 39, 한국은행건물 2층 (남대문로3가)",0,영업중,13,01,부속의원,2,0,027594571,198162.595385815    ,451097.082869101    ,,101,내과,166.41,2026-05-07 11:16:31
3010000,PHMA320103010033041300001,2010-06-28,,폐업,2010-10-25,,,100-011,,기독교소비자생활협동조합부속치과의원,I,2025-12-15 16:15:28,,0,폐업,03,03,부속의원,2,0,,,,서울특별시 중구 충무로1가 24-31 (2층),401,치과,334,2010-10-25 16:04:50
3010000,PHMA320093010033041300002,2009-01-02,,폐업,2016-07-30,,,,04514,서소문삼성부속치과의원,I,2025-12-15 16:15:28,"서울특별시 중구 세종대로 73 (서소문동, 태평로빌딩)",0,폐업,03,03,부속의원,1,0,027732811,197786.630049666    ,451192.227609488    ,서울특별시 중구 서소문동 111번지 태평로빌딩 7층,401,치과,173.13,2016-07-29 17:58:07
3010000,PHMA320093010033041300001,2009-01-02,,폐업,2016-07-30,,,100-110,04514,서소문삼성부속의원,I,2025-12-15 16:15:28,"서울특별시 중구 세종대로 73 (서소문동, 태평로빌딩 7층)",0,폐업,03,03,부속의원,3,0,,197786.630049666    ,451192.227609488    ,서울특별시 중구 서소문동 111번지 태평로빌딩 7층,122,가정의학과,192.45,2016-07-29 17:24:26
3010000,PHMA320083010033041300001,2008-11-14,,폐업,2018-07-01,2018-01-16,2018-06-30,,04533,(주)호텔롯데부속의원,I,2025-12-15 16:15:28,"서울특별시 중구 을지로 30 (소공동, 지하 2층)",0,폐업,03,03,부속의원,2,0,,198259.65357739     ,451392.198218657    ,,122,가정의학과,49.37,2018-06-25 08:25:00
3010000,PHMA319943010033041300002,1994-06-25,,폐업,2008-12-31,,,,,삼성전자부속치과의원,I,2025-12-15 16:15:28,,0,폐업,03,03,부속의원,2,0,,,,"서소문동 58-9 ,3층",401,치과,190.48,2009-07-29 10:56:12
3010000,PHMA319943010033041300001,1994-06-24,,폐업,2008-12-31,,,,,삼성전자부속의원,I,2025-12-15 16:15:28,,0,폐업,03,03,부속의원,1,0,,,,서소문동 58-9 중앙빌딩 3층,101,내과,183.15,2008-12-31 15:37:13
3010000,PHMA319773010033041300001,1977-06-03,,폐업,2017-10-01,,,,04539,㈜하나은행부속치과의원,I,2025-12-15 16:15:28,"서울특별시 중구 을지로 55 (을지로2가, 하나은행별관빌딩)",0,폐업,03,03,부속의원,2,0,37885339,198519.736197762    ,451570.324241735    ,서울특별시 중구 을지로2가 9번지 10호 하나은행별관빌딩 15층,401,치과,75.1,2017-09-29 17:59:19
3010000,PHMA319763010033041300001,1976-10-22,,폐업,2009-08-05,,,,,㈜우리은행부속치과의원,I,2025-12-15 16:15:28,,0,폐업,03,03,부속의원,1,0,20025441,,,회현동2가 86외1,401,치과,82.9,2009-08-06 08:56:20
3010000,PHMA319743010033041300001,1974-02-15,,폐업,2018-10-10,,,,04534,국민은행부속치과의원,I,2025-12-15 16:15:28,"서울특별시 중구 남대문로 84, 7층 (을지로2가, 국민은행본점빌딩별관)",0,폐업,03,03,부속의원,1,0,20732985,198421.647678142    ,451369.545909652    ,서울특별시 중구 을지로2가 199번지 2호 국민은행본점빌딩별관 7층,401,치과,49.3,2018-10-10 15:25:44
3010000,PHMA319713010033041300001,1971-08-19,,폐업,2010-12-13,,,,,삼성생명보험부속의원,I,2025-12-15 16:15:28,,0,폐업,03,03,부속의원,3,0,,,,태평로2가 150,101,내과,30,2010-12-13 09:57:44
3010000,PHMA319663010033041300003,1966-03-25,,폐업,2009-08-05,,,,,㈜우리은행부속의원,I,2025-12-15 16:15:28,,0,폐업,03,03,부속의원,1,0,20025440,,,회현동2가 86외1,101,내과,273.99,2009-08-06 08:54:43
3010000,PHMA319833010033041300001,1983-11-14,,영업/정상,,,,,04523,(주)하나은행부속의원,I,2025-12-15 16:15:28,"서울특별시 중구 을지로 35, 8층 (을지로1가, 하나은행)",0,영업중,13,01,부속의원,1,0,20022153,198338.095599974    ,451573.129459787    ,서울특별시 중구 을지로1가 101번지 1호 8층,122 101,"내과, 가정의학과",150,2025-02-12 10:15:11
3010000,PHMA319813010033041300002,1981-08-24,,영업/정상,,,,,04538,중소기업은행부속치과의원,I,2026-02-21 22:30:24,"서울특별시 중구 을지로 82, IBK파이낸스타워 지하1층 (을지로2가)",0,영업중,13,01,부속의원,1,0,,198791.046999434    ,451496.528160092    ,서울특별시 중구 을지로2가 206번지 IBK파이낸스타워,412 411 410 409 408 407 406 405 404 403 402,"구강악안면외과, 치과보철과, 치과교정과, 소아치과, 치주과, 치과보존과, 구강내과, 영상치의학과, 구강병리과, 예방치과, 통합치의학과",30,2026-02-20 17:29:26
3010000,PHMA319743010033041300002,1974-03-02,,영업/정상,,,,100-788,04527,한화생명보험(주)남대문부속의원,I,2025-12-15 16:15:28,서울특별시 중구 퇴계로 25 (남대문로5가),0,영업중,13,01,부속의원,4,0,,197774.2350787      ,450583.828179602    ,서울특별시 중구 남대문로5가 166번지 한화생명보험빌딩,101,내과,547.28,2025-09-05 17:57:21
3010000,PHMA319663010033041300004,1966-12-30,,영업/정상,,,,,04515,서울시청부속의원,I,2025-12-15 16:15:28,"서울특별시 중구 덕수궁길 15 (서소문동, 시청별관 2동 1층)",0,영업중,13,01,부속의원,3,0,0221331832,197672.213473779    ,451336.718396022    ,,122,가정의학과,140,2023-11-10 05:43:12
3010000,PHMA319663010033041300002,1966-01-19,,영업/정상,,,,,04531,한국은행부속치과의원,U,2026-05-08 03:03:03,"서울특별시 중구 남대문로 39, 본관 2층 (남대문로3가)",0,영업중,13,01,부속의원,1,0,027594574,198162.595385815    ,451097.082869101    ,,402 403 404 406 407 408 409 410 411 412,"구강악안면외과, 치과보철과, 치과교정과, 치주과, 치과보존과, 구강내과, 영상치의학과, 구강병리과, 예방치과, 통합치의학과",113.74,2026-05-07 11:13:59
3010000,PHMA320203010033041300001,2020-06-25,,폐업,2020-11-30,,,,04526,장금상선(주)부속의원,I,2025-12-15 16:15:28,"서울특별시 중구 세종대로 64, 해남빌딩 1층 (태평로2가)",0,폐업,03,03,부속의원,2,0,0264962242,197876.042588141    ,451080.109295385    ,서울특별시 중구 태평로2가 70번지 5호 해남빌딩 1층,113 109 103 101,"내과, 정신건강의학과, 마취통증의학과, 이비인후과",37.8,2020-12-18 14:51:49
3020000,PHMA320103020033041300001,2010-01-04,,폐업,2018-04-09,,,140-893,04348,한남부속치과의원,I,2026-04-27 22:30:31,서울특별시 용산구 이태원로55길 20 (한남동),0,폐업,03,03,부속의원,7,0,027926118,199952.013298909    ,448445.419429126    ,서울특별시 용산구 한남동 741번지 1호 1층,401,치과,358.32,2018-04-09 17:38:39
3020000,PHMA320133020033041300001,2013-11-28,,영업/정상,,,,,04310,숙명여자대학교 보건의료센터 부속의원,I,2026-04-27 22:30:31,서울특별시 용산구 청파로47길 100 (청파동2가),0,영업중,13,01,부속의원,2,0,027109143,196831.461759469    ,449320.370380461    ,,101,내과,29.75,2025-04-02 10:15:45
3020000,PHMA320173020033041300001,2017-03-16,,제외/삭제/전출,,,,,04320,다시서기종합지원센터부속의원,I,2026-04-27 22:30:31,서울특별시 용산구 한강대로 379-2 (동자동),0,전출,15,05,부속의원,2,0,0221337493,197467.136866231    ,450003.104806427    ,서울특별시 용산구 동자동 43번지 64호,122 101,"내과, 가정의학과",132.2,2020-02-19 09:39:36
3020000,PHMA320183020033041300001,2018-01-03,,영업/정상,,,,,04386,아모레퍼시픽 부속의원,I,2026-04-27 22:30:31,"서울특별시 용산구 한강대로 100, 아모레퍼시픽 16층 (한강로2가)",0,영업중,13,01,부속의원,1,0,0260404036,197158.923647874    ,447399.964398158    ,서울특별시 용산구 한강로2가 181번지 아모레퍼시픽,122 120 116 115 114 113 112 111 110 101,"내과, 산부인과, 소아청소년과, 안과, 이비인후과, 피부과, 비뇨의학과, 영상의학과, 재활의학과, 가정의학과",354.61,2026-01-23 03:13:14
3020000,PHMA320233020033041300001,2023-12-19,,영업/정상,,,,,04389,하이브 헬스케어 부속의원,I,2026-04-27 22:30:31,"서울특별시 용산구 한강대로 42, HYBE 7층 005호 (한강로3가)",0,영업중,13,01,부속의원,2,0,,196768.132356945    ,446931.975248096    ,서울특별시 용산구 한강로3가 65-9 HYBE 7층 005호,122 105 103 101,"내과, 정신건강의학과, 정형외과, 가정의학과",166.15,2024-10-21 09:59:01
3030000,PHMA320023030033041300001,2002-11-15,,폐업,2011-01-27,2010-09-02,2011-03-01,,,교보보험심사㈜부속의원,I,2026-05-03 22:00:31,,0,폐업,03,03,부속의원,1,0,0222904201,,,서울특별시 성동구 도선동 286번지 교보빌딩 802호,101,내과,19.76,2011-01-27 13:25:04
3030000,PHMA320083030033021300001,2008-09-16,,폐업,2010-07-13,,,,,큰나무의료소비자생활협동조합부속소문난치과의원,I,2026-05-03 22:00:31,,0,폐업,03,03,부속병원,1,0,0222442875,,,서울특별시 용답동 101번지 10호,401,치과,139.1,2010-07-13 13:56:09
3040000,PHMA320123040033021300001,2012-06-14,,영업/정상,,,,472-070,12268,경희무릅나무한의원 부속 원외탕전실,I,2026-05-08 22:50:55,"경기도 남양주시 강변북로651번길 14, 1층 (수석동)",0,영업중,13,01,기타,1,0,0315628228,214907.13751595     ,453910.875048844    ,경기도 남양주시 수석동 370번지 2호  1층,607,기타,187.5,2012-08-02 11:05:34
3040000,PHMA320093040033041300001,2009-05-01,,폐업,2016-07-21,,,143-900,,한국전인의료소비자생활협동조합 부속 혜성의원,I,2026-05-08 22:50:55,"서울특별시 광진구 면목로 155 (중곡동,(2층))",0,폐업,03,03,부속의원,1,0,34095511,207156.269772055    ,451672.917080488    ,서울특별시 광진구 중곡3동 173번지 3호 (2층),122 101 106 105 104 115 111 114,"내과, 외과, 정형외과, 신경외과, 소아청소년과, 피부과, 비뇨의학과, 가정의학과",193,2016-07-21 16:12:34
3050000,PHMA320103050034041300001,2010-04-14,,폐업,2010-10-12,,,130-865,,동대문우리경동부속한의원,I,2026-05-10 22:57:08,"서울특별시 동대문구 왕산로 143 (제기동,삼화빌딩 2층)",0,폐업,03,03,부속의원,1,0,,203395.308400587    ,452922.376839569    ,서울특별시 동대문구 제기동 1016번지 삼화빌딩 2층,301 304 307 308 305 302 309 306 303,"한방내과, 한방부인과, 한방소아과, 한방안·이비인후·피부과, 한방신경정신과, 한방재활의학과, 사상체질과, 침구과, 한방응급과",154,2010-10-12 14:31:25
3050000,PHMA320103050034041300002,2010-07-12,,폐업,2010-10-19,,,130-805,,큰나무의료생활협동조합소문난부속치과의원,I,2026-05-10 22:57:08,"서울특별시 동대문구 천호대로 263 (답십리동,부룡빌딩 7층)",0,폐업,03,03,부속의원,1,0,22442875,204447.698147581    ,451803.558407339    ,서울특별시 동대문구 답십리1동 497번지 67호 부룡빌딩 7층,401,치과,245,2010-10-19 16:20:32
3050000,PHMA320103050034041300003,2010-10-05,,폐업,2010-10-18,,,130-867,,연제의료생협청명부속한의원,I,2026-05-10 22:57:09,"서울특별시 동대문구 왕산로 225 (청량리동,미주상가A동 411호)",0,폐업,03,03,부속의원,1,0,,204089.817117361    ,453314.135663101    ,서울특별시 동대문구 청량리동 235번지 4호 미주상가A동 411호,301 304 307 302 305 308 303 306 309,"한방내과, 한방부인과, 한방소아과, 한방안·이비인후·피부과, 한방신경정신과, 한방재활의학과, 사상체질과, 침구과, 한방응급과",127.6,2010-10-18 17:43:11
3070000,PHMA320163070034041300001,2016-02-17,,영업/정상,,,,,02797,노블레스타워 부속의원,I,2026-05-06 22:44:53,"서울특별시 성북구 종암로 90, 1층 (종암동, 노블레스타워)",0,영업중,13,01,부속의원,2,0,029176090,203072.630557158    ,455135.778600391    ,서울특별시 성북구 종암동 3번지 91호,122 120 115 114 113 105 102 101,"내과, 신경과, 정형외과, 이비인후과, 피부과, 비뇨의학과, 재활의학과, 가정의학과",193.4,2025-03-13 22:13:17
3090000,PHMA320013090033041300001,2001-04-23,,폐업,2020-08-06,,,,01450,한국수력원자력㈜부속의원서울분원,I,2026-05-07 22:40:16,"서울특별시 도봉구 우이천로 308 (쌍문동, 방사선보건연구원)",0,폐업,03,03,부속의원,1,0,0312893655,202466.119176743    ,460394.329853007    ,,123,핵의학과,1510,2020-08-06 17:53:34
3110000,PHMA320103110032041300001,2010-07-14,,폐업,2011-01-03,,,122-819,,국민의료소비자생활협동조합은평지점 월오부속한의원,I,2026-05-07 22:30:31,"서울특별시 은평구 서오릉로 145 (구산동,4층)",0,폐업,03,03,부속의원,3,0,,192563.874496397    ,456570.084566278    ,서울특별시 은평구 구산동 1번지 24호  4층,301 304 307 302 305 308 303 306 309,"한방내과, 한방부인과, 한방소아과, 한방안·이비인후·피부과, 한방신경정신과, 한방재활의학과, 사상체질과, 침구과, 한방응급과",234.59,2011-01-17 15:29:31
3110000,PHMA319993110032041300001,1999-02-01,,폐업,2017-02-17,,,122-716,03428,사회복지법인서울가톨릭사회복지회 은평의마을 부속의원,I,2026-05-07 22:30:31,서울특별시 은평구 갈현로15길 27-1 (구산동),0,폐업,03,03,부속의원,10,0,0231566300,191586.345450482    ,456126.193794505    ,서울특별시 은평구 구산동 172번지 2호,101 103 120,"내과, 정신건강의학과, 재활의학과",90,2017-02-20 09:13:15
3110000,PHMA320093110032041300001,2009-10-06,,폐업,2012-09-01,,,122-823,,의료생활협동조합내이새이덴부속치과의원,I,2026-05-07 22:30:31,서울특별시 은평구 서오릉로 193 (구산동),0,폐업,03,03,부속의원,2,0,,192164.787576508    ,456783.723389013    ,서울특별시 은평구 구산동 200번지 2호,401,치과,212,2012-08-29 17:17:24
3120000,PHMA320003120033021300001,2000-04-14,,영업/정상,,,,120-750,03760,이화여자대학교부속기관대학건강센터,I,2025-12-15 16:15:28,"서울특별시 서대문구 이화여대길 52 (대현동, 이화여자대학교)",0,영업중,13,01,학교시설,2,0,32773178,195287.766418517    ,451143.789306014    ,서울특별시 서대문구 대현동 34번지 1호 이화여자대학교,606,학교시설,10,2018-05-14 11:27:52
3120000,PHMA319963120033021300001,1996-09-01,,영업/정상,,,,,03722,연세대학교부속건강센터,I,2025-12-15 16:15:28,"서울특별시 서대문구 연세로 50 (신촌동, 연세대학교)",0,영업중,13,01,학교시설,3,0,21233346,194584.959249312    ,451381.585492051    ,서울특별시 서대문구 신촌동 연세대학교,606,학교시설,266,2023-02-28 10:19:11
3130000,PHMA320183130033041300001,2018-04-13,,영업/정상,,,,,03926,씨제이이엔엠(CJ ENM)부속의원,I,2026-05-01 22:02:00,"서울특별시 마포구 상암산로 66, CJ E&M CENTER 7층 (상암동)",0,영업중,13,01,부속의원,2,0,023719001,190353.477730395    ,452920.29167189     ,서울특별시 마포구 상암동 1606번지 CJ E&M CENTER,122 101,"내과, 가정의학과",133.73,2024-04-19 16:18:30
3140000,PHMA320243140033041300001,2024-04-24,,영업/정상,,,,,08088,서울남부지방법원 부속 의원,I,2026-05-09 22:51:51,"서울특별시 양천구 신월로 386, 서울남부지방법원 6층 609호 (신정동)",0,영업중,13,01,부속의원,2,0,0221921999,187923.378903525    ,446606.565490213    ,서울특별시 양천구 신정동 313-1 서울남부지방법원,101,내과,70.56,2024-05-16 21:43:18
3150000,PHMA319913150037041300001,1991-05-30,,폐업,2025-05-30,,,157-270,07505,아시아나항공㈜ 부속의원,I,2026-04-27 22:31:09,"서울특별시 강서구 오정로 443-100, 4층 (오쇠동, 교육훈련동)",0,폐업,03,03,부속의원,12,0,0226693802,182286.078276094    ,449207.30255154     ,서울특별시 강서구 오쇠동 47번지 9호 교육훈련동 4층,122,가정의학과,1214.78,2025-06-02 16:15:07
3150000,PHMA319713150037041300001,1971-07-21,,영업/정상,,,,,07505,㈜대한항공부속의원,I,2026-04-27 22:31:09,"서울특별시 강서구 하늘길 260, 대한항공 5층 (공항동)",0,영업중,13,01,부속의원,26,0,0226563865,183340.570262895    ,449522.978960208    ,,101 122,"내과, 가정의학과",2175.43,2024-03-27 15:10:46
3150000,PHMA320093150037041300001,2009-01-28,,폐업,2011-07-25,,,157-280,,서울하나의료생활협동조합부속 이오스치과의원,I,2026-04-27 22:31:09,"서울특별시 강서구 강서로 257 (내발산동,2층)",0,폐업,03,03,부속의원,1,0,,185438.705020862    ,449614.74114981     ,서울특별시 강서구 내발산동 723번지 4호 2층,401,치과,129.8,2011-07-25 14:56:13
3160000,PHMA320053160034021300273,2005-09-30,,영업/정상,,,,152-130,08367,서울남부교도소부속치과의원,I,2026-05-11 22:48:47,서울특별시 구로구 금오로 867 (천왕동),0,영업중,13,01,부속의원,1,0,0226192780,185530.717402739    ,441675.376027035    ,서울특별시 구로구 천왕동 272번지,401,치과,24.84,2018-11-28 14:32:16
3160000,PHMA320053160034021300650,2005-09-30,,영업/정상,,,,152-130,08367,서울남부구치소부속의원,I,2026-05-11 22:48:47,서울특별시 구로구 금오로 865 (천왕동),0,영업중,13,01,부속의원,3,0,0221050391,185530.717402739    ,441675.376027035    ,서울특별시 구로구 천왕동 272번지,101 104,"내과, 외과",208,2022-03-25 10:43:20
3160000,PHMA320053160034021300651,2005-09-30,,영업/정상,,,,152-130,08367,서울남부교도소부속의원,I,2026-05-11 22:48:48,서울특별시 구로구 금오로 867 (천왕동),1,영업중,13,01,부속의원,1,0,0220830375,185530.717402739    ,441675.376027035    ,서울특별시 구로구 천왕동 272번지,104,외과,978,2025-09-05 12:13:15
3180000,PHMA320263180034041300001,2026-04-07,,영업/정상,,,,,07237,현대카드 부속의원,I,2026-05-11 22:49:05,"서울특별시 영등포구 의사당대로 3, 현대카드빌딩 1관 1층 (여의도동)",0,영업중,13,01,부속의원,1,0,0221676070,192689.645965823    ,447427.723209548    ,서울특별시 영등포구 여의도동 15-21 현대카드빌딩 1관,122 120 111 101,"내과, 소아청소년과, 재활의학과, 가정의학과",85.97,2026-04-13 13:31:15
3180000,PHMA319003180034041300004,1900-01-01,,폐업,2003-10-06,,,,,알리안츠제일생명보험(주)부속의원,I,2026-05-11 22:48:52,,0,폐업,03,03,부속의원,1,0,0220764047,,,서울특별시 영등포구 여의도동 알리안츠타워6층  45-21,101,내과,0,2015-04-24 10:09:57
3180000,PHMA319773180034041300001,1977-03-28,,폐업,2015-04-24,,,,,대한결핵협회결핵연구원부설복십자의원,I,2026-05-11 22:48:53,,0,폐업,03,03,부속의원,1,0,0220764047,,,서울특별시 영등포구 당산동6가   121-150,101,내과,0,2015-04-24 10:05:09
3180000,PHMA319773180034041300002,1977-12-06,,폐업,2024-08-19,,,150-996,07242,한국수출입은행부속의원,I,2026-05-11 22:48:54,서울특별시 영등포구 은행로 38 (여의도동),0,폐업,03,03,부속의원,1,0,0237796895,193159.124448371    ,447376.605815263    ,서울특별시 영등포구 여의도동 16번지 1호,101,내과,0,2024-08-05 09:44:13
3180000,PHMA319973180034041300001,1997-10-08,,폐업,2012-10-22,,,,,근로복지공단,I,2026-05-11 22:48:58,,0,폐업,03,03,부속의원,1,0,0220764047,,,서울특별시 영등포구 영등포동2가   94-267,101,내과,0,2012-10-22 15:39:19
3180000,PHMA320003180034041300001,2000-10-26,,폐업,2021-07-01,,,150-758,07331,국민은행부속치과의원,I,2026-05-11 22:48:59,서울특별시 영등포구 국제금융로8길 26 (여의도동),0,폐업,03,03,부속의원,1,0,,193555.404623589    ,446518.232651645    ,서울특별시 영등포구 여의도동 36번지 3호,411 408,"구강내과, 예방치과",53,2021-06-30 09:27:13
3180000,PHMA319003180034041300002,1900-01-01,,폐업,,,,,,롯데역사(주)부속의원,I,2026-05-11 22:48:51,,0,폐업,03,03,부속의원,0,0,0220764047,,,서울특별시 영등포구 영등포동   618-496,101,내과,0,2008-12-18 18:44:32
3180000,PHMA319003180034041300003,1900-01-01,,폐업,,,,,,제일화재부속의원,I,2026-05-11 22:48:52,,0,폐업,03,03,부속의원,0,0,0220764047,,,서울특별시 영등포구 문래동6가   8-0,101,내과,0,2008-12-18 18:44:32
3180000,PHMA319003180034041300005,1900-01-01,,취소/말소/만료/정지/중지,2015-04-24,,,,,한국방송공사부속치과의원,I,2026-05-11 22:48:52,,0,직권폐업,24,04,부속의원,1,0,,,,서울 영등포구,101,내과,0,2015-04-24 10:11:51
3180000,PHMA319843180034041300001,1984-12-28,,취소/말소/만료/정지/중지,2015-02-09,,,,,한국주택은행부속의원,I,2026-05-11 22:48:54,,0,직권폐업,24,04,부속의원,1,0,0220764047,,,서울특별시 영등포구 여의도동   36-2,101,내과,0,2015-02-09 17:24:43
3180000,PHMA319843180034041300002,1984-12-28,,취소/말소/만료/정지/중지,2015-02-09,,,,,한국주택은행부속치과의원,I,2026-05-11 22:48:55,,0,직권폐업,24,04,부속의원,1,0,0220764047,,,서울특별시 영등포구 여의도동   36-3,101,내과,0,2015-02-09 17:23:37
3180000,PHMA319003180034041300001,1900-01-01,,영업/정상,,,,,07360,병무청중앙신체검사소,I,2026-05-11 22:48:50,"서울특별시 영등포구 여의대방로43길 13 (신길동, 서울지방병무청)",0,영업중,13,01,병무청,1,0,028204195,192716.932289278    ,444779.980000876    ,서울특별시 영등포구 신길동 산 159번지 1호,101,내과,0,2015-11-30 16:20:52
3180000,PHMA319703180034041300001,1970-08-20,,영업/정상,,,,,07360,서울지방병무청,I,2026-05-11 22:48:52,"서울특별시 영등포구 여의대방로43길 13 (신길동, 서울지방병무청)",0,영업중,13,01,병무청,1,0,25889090,192716.932289278    ,444779.980000876    ,서울특별시 영등포구 신길동 산 159번지 1호,101,내과,0,2015-11-30 16:19:01
3180000,PHMA319803180034041300001,1980-01-26,,영업/정상,,,,150-996,07242,한국수출입은행부속치과의원,I,2026-05-11 22:48:54,서울특별시 영등포구 은행로 38 (여의도동),0,영업중,13,01,부속의원,1,0,0222191123,193159.124448371    ,447376.605815263    ,서울특별시 영등포구 여의도동 16번지 1호,411 410 409 408 407 406 405 404 403 402,"구강악안면외과, 치과보철과, 치과교정과, 소아치과, 치주과, 치과보존과, 구강내과, 영상치의학과, 구강병리과, 예방치과",0,2017-02-28 16:15:34
3180000,PHMA319923180034041300001,1992-01-21,,영업/정상,,,,,07345,한화생명보험(주)본사 부속의원,I,2026-05-11 22:48:56,서울특별시 영등포구 63로 50 (여의도동),0,영업중,13,01,부속의원,5,0,027898564,194632.526367463    ,446401.926526228    ,,101,내과,1499,2025-08-21 10:26:27
3180000,PHMA319993180034041300001,1999-05-01,,영업/정상,,,,,07321,금융감독원부속치과의원,I,2026-05-11 22:48:58,서울특별시 영등포구 여의대로 38 (여의도동),0,영업중,13,01,부속의원,1,0,0231456191,192976.019743053    ,446761.108856206    ,,412 411,"예방치과, 통합치의학과",0,2024-09-27 18:28:21
3180000,PHMA320013180034041300001,2000-10-26,,영업/정상,,,,150-701,07233,국회사무처부속의원,I,2026-05-11 22:49:00,서울특별시 영등포구 의사당대로 1 (여의도동),0,영업중,13,01,부속의원,5,0,0267883495,192450.93552236     ,447649.476828035    ,서울특별시 영등포구 여의도동 1번지,101,내과,0,2025-06-20 00:43:21
3180000,PHMA320013180034041300002,2001-07-25,,영업/정상,,,,,07233,국회사무처부속치과의원,I,2026-05-11 22:49:00,서울특별시 영등포구 의사당대로 1 (여의도동),0,영업중,13,01,부속의원,1,0,027882823,192450.93552236     ,447649.476828035    ,,412,통합치의학과,0,2024-09-11 10:14:20
3180000,PHMA320043180034041300001,2004-06-02,,영업/정상,,,,150-873,07242,한국산업은행부속치과의원,I,2026-05-11 22:49:01,"서울특별시 영등포구 은행로 22, 8층 (여의도동)",0,영업중,13,01,부속의원,1,0,027875946,193039.952033563    ,447284.13571441     ,서울특별시 영등포구 여의도동 16번지 8층,412 411 410 409 408 407 406 405 404 403 402,"구강악안면외과, 치과보철과, 치과교정과, 소아치과, 치주과, 치과보존과, 구강내과, 영상치의학과, 구강병리과, 예방치과, 통합치의학과",125,2025-10-02 17:50:01
3180000,PHMA320143180034041300001,2014-01-02,,영업/정상,,,,,07233,국회사무처부속한의원,I,2026-05-11 22:49:01,"서울특별시 영등포구 의사당대로 1, 국회 본청동 130호 (여의도동)",0,영업중,13,01,부속의원,5,0,027883575,192450.93552236     ,447649.476828035    ,,301 302 303 304 305 306 307 308,"한방내과, 한방부인과, 한방소아과, 한방안·이비인후·피부과, 한방신경정신과, 한방재활의학과, 사상체질과, 침구과",112.2,2025-01-09 10:18:26
3180000,PHMA320173180034041300001,2017-03-16,,영업/정상,,,,,07254,영등포보현종합지원센터 부속의원,I,2026-05-11 22:49:02,"서울특별시 영등포구 버드나루로 24, 1층 (영등포동2가, 보현의집)",0,영업중,13,01,부속의원,2,0,0220691604,192208.24514318     ,446551.561824407    ,서울특별시 영등포구 영등포동2가 94번지 31호 1층,122 101,"내과, 가정의학과",71.7,2025-06-05 14:13:03
3180000,PHMA320213180034041300001,2021-07-09,,영업/정상,,,,,07332,국민은행 본점 부속의원,I,2026-05-11 22:49:03,"서울특별시 영등포구 의사당대로 141, KB국민은행 신관 23층 (여의도동)",0,영업중,13,01,부속의원,2,0,0220738720,193503.389449662    ,446354.660316797    ,,122,가정의학과,207.76,2025-05-27 10:55:34
3180000,PHMA320223180034041300001,2022-08-29,,영업/정상,,,,,07335,엘지에너지솔루션부속의원,I,2026-05-11 22:49:03,"서울특별시 영등포구 여의대로 108, 파크원 2층 (여의도동)",0,영업중,13,01,부속의원,3,0,0221180018,193592.000380036    ,447092.629432527    ,서울특별시 영등포구 여의도동 22 파크원,122 101,"내과, 가정의학과",181.49,2026-04-16 22:13:18
3180000,PHMA320243180034041300001,2024-07-12,,영업/정상,,,,,07336,엘지트윈부속의원,I,2026-05-11 22:49:04,"서울특별시 영등포구 여의대로 128, 엘지트윈타워 서관동 2층 (여의도동)",0,영업중,13,01,부속의원,3,0,0237731114,193674.743726431    ,447296.226305826    ,서울특별시 영등포구 여의도동 20,113 122 104 110 106 101,"내과, 외과, 신경외과, 산부인과, 이비인후과, 가정의학과",243,2025-08-01 03:13:20
3200000,PHMA320103200033041300002,2010-07-28,,취소/말소/만료/정지/중지,2025-08-26,,,151-820,08782,대한의료생협부속한의원,I,2026-05-08 22:46:26,"서울특별시 관악구 남부순환로 1702, 2층 (봉천동)",0,직권폐업,24,04,부속의원,1,0,,194548.651692342    ,442330.324311379    ,서울특별시 관악구 봉천동 945번지 1호 2층,301 302 303 304 305 308 307,"한방내과, 한방부인과, 한방소아과, 한방안·이비인후·피부과, 한방신경정신과, 사상체질과, 침구과",239.86,2025-08-26 16:07:06
3200000,PHMA320113200033041300001,2011-08-29,,영업/정상,,,,151-742,08826,서울대학교직장부속의원,U,2026-05-09 03:03:03,"서울특별시 관악구 관악로 1, 63동 3층 (신림동)",0,영업중,13,01,부속의원,16,0,,196139.864969792    ,439023.167125842    ,서울특별시 관악구 신림동 산 56번지 1호 서울대학교,122 114 113 112 110 105 103 101,"내과, 정신건강의학과, 정형외과, 산부인과, 안과, 이비인후과, 피부과, 가정의학과",1050,2026-05-08 05:43:18
3200000,PHMA320103200033041300003,2010-08-02,,폐업,2010-10-21,,,151-820,,연제의료생협부속한의원,I,2026-05-08 22:46:26,"서울특별시 관악구 쑥고개로 123 (봉천동,201호)",0,폐업,03,03,부속의원,1,0,,195537.455758615    ,441881.427207575    ,서울특별시 관악구 청룡동 1568번지 1호 201호,301 304 302 305 303 308,"한방내과, 한방부인과, 한방소아과, 한방안·이비인후·피부과, 한방신경정신과, 침구과",73.48,2010-10-21 14:20:51
3200000,PHMA320103200033041300004,2010-10-25,,폐업,2010-12-20,,,151-820,,연제의료생협부속한의원,I,2026-05-08 22:46:26,"서울특별시 관악구 쑥고개로 123 (봉천동,2층)",0,폐업,03,03,부속의원,1,0,,195537.455758615    ,441881.427207575    ,서울특별시 관악구 청룡동 1568번지 1호 2층,305 302 301 304 306 303 309 308 307,"한방내과, 한방부인과, 한방소아과, 한방안·이비인후·피부과, 한방신경정신과, 한방재활의학과, 사상체질과, 침구과, 한방응급과",73.48,2010-12-20 17:24:06
3200000,PHMA320103200033041300001,2010-07-19,,폐업,2010-07-27,,,151-839,,대한의료소비자 생활협동조합 부속의원,I,2026-05-08 22:46:26,"서울특별시 관악구 남부순환로 1702 (봉천동,2층)",0,폐업,03,03,부속의원,1,0,,194548.651692342    ,442330.324311379    ,서울특별시 관악구 청룡동 945번지 1호 2층,101 102 105,"내과, 신경과, 정형외과",239.86,2010-07-28 16:24:52
3200000,PHMA320233200033041300001,2023-06-09,,폐업,2023-07-25,,,,08810,방패치과의원,I,2026-05-08 22:46:26,"서울특별시 관악구 과천대로 851 (남현동, 한울아파트)",0,폐업,03,03,부속의원,1,0,025241718,198675.092821991    ,440118.574000488    ,서울특별시 관악구 남현동 산 100-34 한울아파트,410 402 408 412 404 403 407 406 411,"구강악안면외과, 치과보철과, 치과교정과, 치주과, 치과보존과, 구강내과, 구강병리과, 예방치과, 통합치의학과",66,2023-08-07 09:04:14
3200000,PHMA320233200033041300002,2023-06-09,,폐업,2023-07-25,,,,08810,방패한의원,I,2026-05-08 22:46:26,"서울특별시 관악구 과천대로 851 (남현동, 한울아파트)",0,폐업,03,03,부속의원,2,0,025241718,198675.092821991    ,440118.574000488    ,서울특별시 관악구 남현동 산 100-34 한울아파트,307 301 303 302 306 308 305 304,"한방내과, 한방부인과, 한방소아과, 한방안·이비인후·피부과, 한방신경정신과, 한방재활의학과, 사상체질과, 침구과",78,2023-08-07 09:03:41
3200000,PHMA320113200033041300002,2011-12-09,,영업/정상,,,,151-742,08826,서울대학교직장부속치과의원,I,2026-05-08 22:46:26,서울특별시 관악구 관악로 1 (신림동),0,영업중,13,01,부속의원,1,0,028805338,196139.864969792    ,439023.167125842    ,서울특별시 관악구 대학동 56번지 1호,408 407 406 404 403 402,"구강악안면외과, 치과보철과, 치과교정과, 치주과, 치과보존과, 구강내과",75,2024-03-08 10:43:16
3200000,PHMA320123200033021300001,2012-11-21,,폐업,2023-07-25,,,151-754,08810,방패의원,I,2026-05-08 22:46:26,"서울특별시 관악구 과천대로 851 (남현동, 수도방위사령부)",0,폐업,03,03,부속의원,1,0,025241701,198675.092821991    ,440118.574000488    ,서울특별시 관악구 남현동 사서함 2003-2,126 125 124 123 122 121 120 119 118 117 116 115 114 113 112 111 110 109 108 107 106 105 104 103 102 101,"내과, 신경과, 정신건강의학과, 외과, 정형외과, 신경외과, 심장혈관흉부외과, 성형외과, 마취통증의학과, 산부인과, 소아청소년과, 안과, 이비인후과, 피부과, 비뇨의학과, 영상의학과, 방사선종양학과, 병리과, 진단검사의학과, 재활의학과, 결핵과, 가정의학과, 핵의학과, 직업환경의학과, 응급의학과, 예방의학과",200,2023-08-04 16:18:26
3210000,PHMA320073210034041300001,2007-07-20,,폐업,2010-12-15,,,137-072,,삼성생명부속강남의원,I,2026-05-11 23:04:08,"서울특별시 서초구 서초대로74길 4 (서초동,삼성생명서초타워 3층)",0,폐업,03,03,부속의원,1,0,34511474,202210.515558775    ,443837.761530409    ,서울특별시 서초구 서초2동 1321번지 15호 삼성생명서초타워 3층,101 116,"내과, 영상의학과",773.44,2010-12-15 16:38:24
3210000,PHMA320043210034041300001,2004-09-14,,폐업,2011-05-09,,,137-855,,교보생명보험(주)부속의원,I,2026-05-11 23:04:08,"서울특별시 서초구 강남대로 465 (서초동,교보타워 3층)",0,폐업,03,03,부속의원,1,0,,202058.674687128    ,444618.16731522     ,서울특별시 서초구 서초4동 1303번지 22호 교보타워 3층,122 119 116,"영상의학과, 진단검사의학과, 가정의학과",871.66,2013-03-27 09:47:25
3210000,PHMA320143210034041300001,2014-09-22,,제외/삭제/전출,,,,137-751,06627,멀츠아시아퍼시픽피티이엘티디(영업소)부속의원,I,2026-05-11 23:04:08,"서울특별시 서초구 강남대로 327, 19층 (서초동, 대륭서초타워)",0,전출,15,05,부속의원,2,0,07075658494,202559.861737709    ,443317.21602255     ,서울특별시 서초구 서초동 1337번지 20호 19층,101 113 114,"내과, 이비인후과, 피부과",30.32,2018-09-07 15:38:57
3210000,PHMA320213210034041300001,2021-11-10,,영업/정상,,,,,06763,케이티(KT)우면부속의원,I,2026-05-11 23:04:09,"서울특별시 서초구 태봉로 151, 한국통신연구개발본부 1층 (우면동)",0,영업중,13,01,부속의원,1,0,025265031,202497.519150037    ,441019.955686197    ,서울특별시 서초구 우면동 17 한국통신연구개발본부,122,가정의학과,122.6,2026-05-08 01:43:22
3210000,PHMA320203210034041300001,2020-03-24,,영업/정상,,,,,06590,법원행정처 부속의원,I,2026-05-11 23:04:09,"서울특별시 서초구 서초대로 219, 대법원 청사 1층 (서초동)",0,영업중,13,01,부속의원,2,0,0234801313,200403.913823457    ,443343.497359744    ,서울특별시 서초구 서초동 967번지 대법원청사 1층,122 101,"내과, 가정의학과",83.64,2020-04-02 23:43:19
3210000,PHMA320183210034041300001,2018-06-25,,영업/정상,,,,,06761,씨제이이엔엠(CJ ENM)부속의원,I,2026-05-11 23:04:08,"서울특별시 서초구 과천대로 870-13, (주)CJ ENM (방배동)",0,영업중,13,01,부속의원,2,0,0221071119,198836.324746887    ,440753.993971457    ,서울특별시 서초구 방배동 2724 (주)CJ ENM,101 105 122,"내과, 정형외과, 가정의학과",215.98,2026-04-24 03:43:24
3210000,PHMA320153210034041300002,2015-12-07,,영업/정상,,,,,06765,삼성전자 서울알앤디(R&D)부속 치과의원,I,2026-05-11 23:04:08,"서울특별시 서초구 성촌길 34, F동 지1층 (우면동, (주)삼성전자 우면R&D 쎈터)",0,영업중,13,01,부속의원,1,0,0261473699,202070.429402224    ,440438.965829416    ,,412,통합치의학과,325.05,2026-01-07 16:27:49
3210000,PHMA320153210034041300001,2015-11-06,,영업/정상,,,,,06765,삼성전자 서울알앤디(R&D) 부속의원,I,2026-05-11 23:04:08,"서울특별시 서초구 성촌길 34, F동 지1층 (우면동, (주)삼성전자 우면R&D 쎈터)",0,영업중,13,01,부속의원,8,0,0261473690,202070.429402224    ,440438.965829416    ,,103 122,"정신건강의학과, 가정의학과",963.95,2026-05-01 03:43:35
3210000,PHMA320143210034041300002,2014-12-03,,영업/정상,,,,137-735,06594,서울법원종합청사부속의원,I,2026-05-11 23:04:08,"서울특별시 서초구 서초중앙로 157 (서초동, 동관7층)",0,영업중,13,01,부속의원,2,0,025301268,200939.262819649    ,443867.172593905    ,서울특별시 서초구 서초동 1701번지 1호 동관7층,101,내과,111.53,2018-09-19 13:37:07
3210000,PHMA320083210034041300002,2008-11-21,,영업/정상,,,,,06620,서초삼성부속치과의원,I,2026-05-11 23:04:08,"서울특별시 서초구 서초대로74길 11 (서초동, 지하2층)",0,영업중,13,01,부속의원,1,0,027726154,202305.084677949    ,443831.909375165    ,,402 403 406 407,"구강악안면외과, 치과보철과, 치주과, 치과보존과",429.8,2024-11-15 15:57:03
3210000,PHMA320083210034041300001,2008-11-21,,영업/정상,,,,,06620,서초삼성부속의원,I,2026-05-11 23:04:08,"서울특별시 서초구 서초대로74길 11, 삼성전자빌딩 지하2,2층 (서초동)",0,영업중,13,01,부속의원,9,0,027726154,202305.084677949    ,443831.909375165    ,서울특별시 서초구 서초동 1320번지 10호 삼성전자빌딩,103 122,"정신건강의학과, 가정의학과",327.12,2026-05-01 03:43:36
3220000,PHMA320253220033041300002,2025-12-15,,영업/정상,,,,,06173,(주)바임부속의원,I,2026-05-05 22:00:41,"서울특별시 강남구 영동대로 502, K뷰티스퀘어 5층 (삼성동)",0,영업중,13,01,부속의원,1,0,0262140857,205534.332417883    ,445272.310347112    ,서울특별시 강남구 삼성동 168-6 K뷰티스퀘어 5층,114 101,"내과, 피부과",63.76,2025-12-31 09:13:11
3220000,PHMA320223220033041300001,2022-06-24,,영업/정상,,,,,06044,코코네부속의원,I,2026-05-05 22:00:41,서울특별시 강남구 학동로9길 19(논현동),0,영업중,13,01,부속의원,2,0,0220888700,202035.0011779      ,445685.099726298    ,,122,가정의학과,35,2025-05-09 12:58:35
3220000,PHMA320213220033041300001,2021-08-02,,폐업,2022-07-02,,,,06044,코코네부속의원,I,2026-05-05 22:00:41,"서울특별시 강남구 학동로9길 19, B1층 일부 (논현동)",0,폐업,03,03,부속의원,2,0,0220888700,202035.0011779      ,445685.099726298    ,서울특별시 강남구 논현동 44-7 B1층 일부,122,가정의학과,35,2022-06-30 22:43:31
3220000,PHMA320173220033041300003,2017-04-10,,폐업,2022-12-31,,,,06302,바디프랜드부속한의원,I,2026-05-05 22:00:41,"서울특별시 강남구 양재천로 163, 바디프랜드 도곡타워 5층 (도곡동)",0,폐업,03,03,부속의원,1,0,0234488780,203822.388292808    ,442131.941663523    ,서울특별시 강남구 도곡동 448-2 바디프랜드 도곡타워,308 307 306 305 304 303 302 301,"한방내과, 한방부인과, 한방소아과, 한방안·이비인후·피부과, 한방신경정신과, 한방재활의학과, 사상체질과, 침구과",30.23,2023-01-11 21:23:32
3220000,PHMA320113220033041300003,2011-05-04,,폐업,2014-09-19,,,135-545,,멀츠아시아부속의원,I,2026-05-05 22:00:41,"서울특별시 강남구 강남대로 476 (논현동,어반하이브빌딩 13층)",0,폐업,03,03,부속의원,2,0,07074658494,202121.293458771    ,444742.671288826    ,서울특별시 강남구 논현1동 200번지 7호 어반하이브빌딩 13층,101 113 114,"내과, 이비인후과, 피부과",13.2,2017-03-06 15:31:48
3220000,PHMA320263220033041300001,2026-04-28,,영업/정상,,,,,06104,(주)루트로닉부속의원,I,2026-05-05 22:00:41,"서울특별시 강남구 언주로 651, 삼원빌딩 6층 (논현동)",0,영업중,13,01,부속의원,2,0,07047146021,203021.496244152    ,445847.762495405    ,서울특별시 강남구 논현동 210-1 삼원빌딩,122 114 108,"성형외과, 피부과, 가정의학과",132.02,2026-04-29 10:38:00
3220000,PHMA320253220033041300001,2025-07-31,,영업/정상,,,,,06220,(주)클래시스부속의원,I,2026-05-05 22:00:41,"서울특별시 강남구 테헤란로 208, 클래시스 19층 (역삼동)",0,영업중,13,01,부속의원,2,0,0263132208,203380.752241301    ,444322.436152133    ,서울특별시 강남구 역삼동 718-2 클래시스 19층,114,피부과,369,2026-01-25 18:02:49
3220000,PHMA320243220033041300001,2024-01-11,,영업/정상,,,,,06159,메디스트림부속한의원,I,2026-05-05 22:00:41,"서울특별시 강남구 테헤란로 427, 위워크타워 3층 (삼성동)",0,영업중,13,01,부속의원,2,0,15999073,204673.885419693    ,444906.38806611     ,,301 302 303 304 305 306 307 308,"한방내과, 한방부인과, 한방소아과, 한방안·이비인후·피부과, 한방신경정신과, 한방재활의학과, 사상체질과, 침구과",18.25,2026-01-30 02:13:35
3220000,PHMA320233220033041300001,2023-06-01,,영업/정상,,,,,06044,(주)제이시스메디칼부속의원,I,2026-05-05 22:00:41,"서울특별시 강남구 강남대로 566, 신영와코루빌딩 1층 일부 (논현동)",0,영업중,13,01,부속의원,1,0,,201811.305286389    ,445614.558650583    ,서울특별시 강남구 논현동 49-4 신영와코루빌딩,122 114,"피부과, 가정의학과",69.26,2026-04-08 11:13:28
3220000,PHMA320183220033041300001,2014-09-22,,폐업,2025-09-01,,,,06169,멀츠아시아퍼시픽피티이엘티디(영업소)부속의원,I,2026-05-05 22:00:41,"서울특별시 강남구 테헤란로 509, 엔씨타워 I, 4층일부 (삼성동)",0,폐업,03,03,부속의원,2,0,07075658494,205074.832316057    ,445067.867476318    ,"서울특별시 강남구 삼성동 158번지 16호 엔씨타워 I, 4층일부",101 113 114,"내과, 이비인후과, 피부과",7.58,2025-08-27 13:09:48
3220000,PHMA320173220033041300004,2017-04-10,,영업/정상,,,,,06175,메디톡스부속의원,I,2026-05-05 22:00:41,"서울특별시 강남구 테헤란로 626, 지하1층 (대치동, 메디톡스빌딩)",0,영업중,13,01,부속의원,2,0,020000000,205799.523483792    ,445229.183382215    ,서울특별시 강남구 대치동 997번지 4호 지하1층,122 114,"피부과, 가정의학과",56.52,2026-03-20 06:13:43
3220000,PHMA320173220033041300001,2017-03-06,,영업/정상,,,,,06302,바디프랜드부속의원,I,2026-05-05 22:00:41,"서울특별시 강남구 양재천로 163, 바디프랜드 도곡타워 5층 (도곡동)",1,영업중,13,01,부속의원,3,1,0234488980,203822.388292808    ,442131.941663523    ,서울특별시 강남구 도곡동 448-2 바디프랜드 도곡타워,126 125 124 122 120 115 114 113 112 108 106 105 104 103 102 101,"내과, 신경과, 정신건강의학과, 외과, 정형외과, 신경외과, 성형외과, 안과, 이비인후과, 피부과, 비뇨의학과, 재활의학과, 가정의학과, 직업환경의학과, 응급의학과, 예방의학과",191.33,2025-09-09 17:28:51
3220000,PHMA320173220033041300002,2017-04-10,,영업/정상,,,,,06302,바디프랜드부속치과의원,I,2026-05-05 22:00:41,"서울특별시 강남구 양재천로 163, 바디프랜드 도곡타워 5층 (도곡동)",0,영업중,13,01,부속의원,0,0,0234488980,203822.388292808    ,442131.941663523    ,서울특별시 강남구 도곡동 448-2 바디프랜드 도곡타워,412 411 410 409 408 407 406 405 404 403 402,"구강악안면외과, 치과보철과, 치과교정과, 소아치과, 치주과, 치과보존과, 구강내과, 영상치의학과, 구강병리과, 예방치과, 통합치의학과",40.21,2026-03-12 22:43:30
3230000,PHMA320053230034041301556,2005-10-05,,영업/정상,,,,,05857,서울동부구치소부속의원,I,2026-05-09 22:00:32,서울특별시 송파구 정의로 37 (문정동),0,영업중,13,01,부속의원,11,0,024029131,210231.99764679     ,442207.174142076    ,서울특별시 송파구 문정동 648번지,125 122 116 115 114 113 112 107 106 105 104 103 102 101,"내과, 신경과, 정신건강의학과, 외과, 정형외과, 신경외과, 심장혈관흉부외과, 안과, 이비인후과, 피부과, 비뇨의학과, 영상의학과, 가정의학과, 응급의학과",1077.9,2024-06-07 03:13:27
3230000,PHMA320143230034041300001,2014-07-18,,영업/정상,,,,,05510,삼성에스디에스(주)부속의원,I,2026-05-09 22:00:32,"서울특별시 송파구 올림픽로35길 125, B2층 (신천동)",0,영업중,13,01,부속의원,6,0,0261550151,208808.460094719    ,446014.471916419    ,,101 103 104 112 113 114 122,"내과, 정신건강의학과, 외과, 안과, 이비인후과, 피부과, 가정의학과",189,2026-05-01 03:43:25
3230000,PHMA320183230034041300001,2018-01-08,,영업/정상,,,,,05856,서울동부지방법원부속의원,I,2026-05-09 22:00:32,"서울특별시 송파구 법원로 101, 서울동부지방법원 331호 (문정동)",0,영업중,13,01,부속의원,2,0,0222042375,210512.374191828    ,442371.025037035    ,서울특별시 송파구 문정동 650번지 서울동부지방법원,122,가정의학과,66.57,2021-11-19 10:20:01
3230000,PHMA320133230034041300001,2013-02-25,,폐업,2016-12-14,,,138-763,05541,한국체육대학교부속의원,I,2026-05-09 22:00:32,"서울특별시 송파구 양재대로 1239 (방이동, 한국체육대학교)",0,폐업,03,03,부속의원,2,0,024106716,211525.928860841    ,446381.991026383    ,서울특별시 송파구 방이동 88번지 15호 한국체육대학교,120 105 101,"내과, 정형외과, 재활의학과",451.05,2016-12-21 13:29:05
3230000,PHMA320133230034021300001,2013-02-25,,폐업,2016-12-14,,,138-763,05541,한국체육대학교부속한의원,I,2026-05-09 22:00:32,"서울특별시 송파구 양재대로 1239 (방이동, 한국체육대학교)",0,폐업,03,03,부속의원,1,0,024106718,211525.928860841    ,446381.991026383    ,서울특별시 송파구 방이동 88번지 15호 한국체육대학교,303 306,"한방소아과, 한방재활의학과",36.2,2016-12-20 11:21:24
3230000,PHMA320213230034041300001,2021-08-09,,영업/정상,,,,,05542,씨젠부속의원,I,2026-05-09 22:00:32,"서울특별시 송파구 오금로 81, 씨젠송파빌딩 2,3,8층 (방이동)",0,영업중,13,01,부속의원,5,0,0222405003,209409.377087526    ,445882.003512809    ,서울특별시 송파구 방이동 22-3 씨젠송파빌딩,122 101,"내과, 가정의학과",1294.62,2024-04-18 17:00:38
3240000,PHMA320183240033041300002,2016-04-07,,영업/정상,,,,,05288,삼성물산(주)부속치과의원,I,2026-05-02 22:54:03,"서울특별시 강동구 상일로6길 26, 글로벌엔지니어링센터 B1층 (상일동)",0,영업중,13,01,부속의원,1,0,0221457101,215423.76462869     ,449636.964226068    ,,402 403 406 407 408 409 411,"구강악안면외과, 치과보철과, 치주과, 치과보존과, 구강내과, 영상치의학과, 예방치과",135.8,2021-05-10 12:59:38
3240000,PHMA320183240033041300001,2016-04-07,,영업/정상,,,,,05288,삼성물산(주)부속의원,I,2026-05-02 22:54:03,"서울특별시 강동구 상일로6길 26, 글로벌엔지니어링센터 B1층 (상일동)",0,영업중,13,01,부속의원,3,0,0221457070,215423.76462869     ,449636.964226068    ,,101 112 113 114 122,"내과, 안과, 이비인후과, 피부과, 가정의학과",134.04,2026-04-30 23:43:40
3240000,PHMA320103240033041300001,2010-07-16,,폐업,2010-11-01,,,134-843,,국민의료소비자생활협동조합 부속 한의원,I,2026-05-02 22:54:03,,0,폐업,03,03,부속의원,1,0,,211878.097723811    ,448049.826281484    ,서울특별시 강동구 성내3동 244번지 (2층),301 302 303 304 305 306 307 308,"한방내과, 한방부인과, 한방소아과, 한방안·이비인후·피부과, 한방신경정신과, 한방재활의학과, 사상체질과, 침구과",189.8,2010-11-22 16:18:00
3240000,PHMA320123240033041300001,2012-04-20,,영업/정상,,,,,05288,삼성이앤에이(주) 부속의원,I,2026-05-02 22:54:03,"서울특별시 강동구 상일로6길 26, 지1층 (상일동)",0,영업중,13,01,부속의원,4,0,0220537581,215423.76462869     ,449636.964226068    ,,101 103 104 112 113 114 122,"내과, 정신건강의학과, 외과, 안과, 이비인후과, 피부과, 가정의학과",199.48,2024-03-29 13:53:48
